id,name,model_id:id,group_id:id,perm_read,perm_write,perm_create,perm_unlink
access_invoice2data_template_user,invoice2data.template user,model_invoice2data_template,account.group_account_invoice,1,0,0,0
access_invoice2data_template_manager,invoice2data.template manager,model_invoice2data_template,group_invoice2data_template_manager,1,1,1,1
access_invoice2data_template_field_user,invoice2data.template.field user,model_invoice2data_template_field,account.group_account_invoice,1,0,0,0
access_invoice2data_template_field_manager,invoice2data.template.field manager,model_invoice2data_template_field,group_invoice2data_template_manager,1,1,1,1
access_invoice2data_template_keyword_user,invoice2data.template.keyword user,model_invoice2data_template_keyword,account.group_account_invoice,1,0,0,0
access_invoice2data_template_keyword_manager,invoice2data.template.keyword manager,model_invoice2data_template_keyword,group_invoice2data_template_manager,1,1,1,1
access_invoice2data_template_import_disk_wizard,invoice2data.template.import.disk.wizard manager,model_invoice2data_template_import_disk_wizard,group_invoice2data_template_manager,1,1,1,1
access_invoice2data_template_preview_user,invoice2data.template.preview user,model_invoice2data_template_preview,account.group_account_invoice,1,1,1,1
access_invoice2data_template_preview_line_user,invoice2data.template.preview.line user,model_invoice2data_template_preview_line,account.group_account_invoice,1,1,1,1
access_invoice2data_template_preview_tax_user,invoice2data.template.preview.tax user,model_invoice2data_template_preview_tax,account.group_account_invoice,1,1,1,1
access_invoice2data_template_walk_wizard,invoice2data.template.field.walk.wizard manager,model_invoice2data_template_field_walk_wizard,group_invoice2data_template_manager,1,1,1,1
access_invoice2data_template_walk_line,invoice2data.template.field.walk.line manager,model_invoice2data_template_field_walk_line,group_invoice2data_template_manager,1,1,1,1
